{
  "token_acc":1.0,
  "token_p":1.0,
  "token_r":1.0,
  "token_f":1.0,
  "ents_p":0.7325301205,
  "ents_r":0.8636363636,
  "ents_f":0.7926988266,
  "ents_per_type":{
    "LEGAL_CITATION":{
      "p":0.7325301205,
      "r":0.8636363636,
      "f":0.7926988266
    }
  },
  "speed":14809.8805862152
}