{
  "token_acc":1.0,
  "token_p":1.0,
  "token_r":1.0,
  "token_f":1.0,
  "ents_p":0.9338842975,
  "ents_r":0.9338842975,
  "ents_f":0.9338842975,
  "ents_per_type":{
    "ARTIST":{
      "p":0.9571428571,
      "r":0.9436619718,
      "f":0.9503546099
    },
    "FEATURED_ARTIST":{
      "p":0.9019607843,
      "r":0.92,
      "f":0.9108910891
    }
  },
  "speed":1696.2483663682
}