{
  "token_acc":1.0,
  "token_p":1.0,
  "token_r":1.0,
  "token_f":1.0,
  "spans_sc_p":0.9517241379,
  "spans_sc_r":0.7113402062,
  "spans_sc_f":0.814159292,
  "spans_sc_per_type":{
    "EFFECTIVE_DATE":{
      "p":0.95,
      "r":0.59375,
      "f":0.7307692308
    },
    "END_DATE":{
      "p":0.9285714286,
      "r":0.75,
      "f":0.829787234
    },
    "PAYMENT_DUE":{
      "p":0.976744186,
      "r":0.9130434783,
      "f":0.9438202247
    }
  },
  "speed":306.8207789694
}