{
  "token_acc":1.0,
  "token_p":1.0,
  "token_r":1.0,
  "token_f":1.0,
  "ents_p":0.9269005848,
  "ents_r":0.9057142857,
  "ents_f":0.9161849711,
  "ents_per_type":{
    "CLIENT":{
      "p":0.988372093,
      "r":0.9770114943,
      "f":0.9826589595
    },
    "ADVERSARY":{
      "p":0.8829787234,
      "r":0.8556701031,
      "f":0.8691099476
    },
    "EFFECTIVE_DATE":{
      "p":0.9102564103,
      "r":0.8554216867,
      "f":0.8819875776
    },
    "FEE":{
      "p":0.9821428571,
      "r":0.9649122807,
      "f":0.9734513274
    },
    "END_DATE":{
      "p":0.8214285714,
      "r":0.8846153846,
      "f":0.8518518519
    }
  },
  "speed":3337.7078628091
}