{
  "token_acc":1.0,
  "token_p":1.0,
  "token_r":1.0,
  "token_f":1.0,
  "ents_p":0.9564032698,
  "ents_r":0.9212598425,
  "ents_f":0.9385026738,
  "ents_per_type":{
    "BOM":{
      "p":0.9462365591,
      "r":0.9361702128,
      "f":0.9411764706
    },
    "EOM":{
      "p":0.9668508287,
      "r":0.9067357513,
      "f":0.935828877
    }
  },
  "speed":13923.4542158009
}