{
  "token_acc":1.0,
  "token_p":1.0,
  "token_r":1.0,
  "token_f":1.0,
  "cats_score":0.9992753788,
  "cats_score_desc":"macro AUC",
  "cats_micro_p":1.0,
  "cats_micro_r":0.9780821918,
  "cats_micro_f":0.9889196676,
  "cats_macro_p":1.0,
  "cats_macro_r":0.9376290531,
  "cats_macro_f":0.9651662522,
  "cats_macro_auc":0.9992753788,
  "cats_f_per_type":{
    "VERSION":{
      "p":1.0,
      "r":0.9764705882,
      "f":0.9880952381
    },
    "COVER":{
      "p":1.0,
      "r":0.75,
      "f":0.8571428571
    },
    "REMIX":{
      "p":1.0,
      "r":0.9915254237,
      "f":0.9957446809
    },
    "LIVE":{
      "p":1.0,
      "r":1.0,
      "f":1.0
    },
    "SOUNDTRACK":{
      "p":1.0,
      "r":0.9701492537,
      "f":0.9848484848
    }
  },
  "cats_auc_per_type":{
    "VERSION":0.9999396682,
    "COVER":0.9965373961,
    "REMIX":1.0,
    "LIVE":1.0,
    "SOUNDTRACK":0.9998998297
  },
  "speed":447493.1644218519
}