{
  "token_acc":1.0,
  "token_p":1.0,
  "token_r":1.0,
  "token_f":1.0,
  "cats_score":0.8308420152,
  "cats_score_desc":"macro F",
  "cats_micro_p":0.8788894208,
  "cats_micro_r":0.8788894208,
  "cats_micro_f":0.8788894208,
  "cats_macro_p":0.8570198081,
  "cats_macro_r":0.8177754298,
  "cats_macro_f":0.8308420152,
  "cats_macro_auc":0.980638364,
  "cats_f_per_type":{
    "LETTER":{
      "p":0.82375,
      "r":0.8470437018,
      "f":0.835234474
    },
    "COMPOSER_AGREEMENT":{
      "p":0.9230769231,
      "r":0.7407407407,
      "f":0.8219178082
    },
    "EVIDENCE_REPORT":{
      "p":0.8666666667,
      "r":0.8888888889,
      "f":0.8776371308
    },
    "LICENSE":{
      "p":0.885509839,
      "r":0.73551263,
      "f":0.8035714286
    },
    "TOLLING":{
      "p":0.982791587,
      "r":0.9643527205,
      "f":0.9734848485
    },
    "COURT":{
      "p":0.980952381,
      "r":0.7686567164,
      "f":0.8619246862
    },
    "FINANCIAL":{
      "p":0.5592592593,
      "r":0.8031914894,
      "f":0.6593886463
    },
    "REGISTRATION":{
      "p":0.7666666667,
      "r":0.6344827586,
      "f":0.6943396226
    },
    "SETTLEMENT":{
      "p":0.9245049505,
      "r":0.9771092217,
      "f":0.9500794913
    }
  },
  "cats_auc_per_type":{
    "LETTER":0.9648724104,
    "COMPOSER_AGREEMENT":0.9809255191,
    "EVIDENCE_REPORT":0.9982226179,
    "LICENSE":0.9689168308,
    "TOLLING":0.9964226613,
    "COURT":0.9720056985,
    "FINANCIAL":0.9641090759,
    "REGISTRATION":0.9896919381,
    "SETTLEMENT":0.9905785245
  },
  "speed":2831.1118792483
}