{
  "token_acc":1.0,
  "token_p":1.0,
  "token_r":1.0,
  "token_f":1.0,
  "ents_p":0.9992769342,
  "ents_r":0.9992769342,
  "ents_f":0.9992769342,
  "ents_per_type":{
    "SONG_TITLE":{
      "p":1.0,
      "r":0.9985693848,
      "f":0.9992841804
    },
    "MODIFIER":{
      "p":0.9979209979,
      "r":1.0,
      "f":0.9989594173
    },
    "FEATURED_ARTIST":{
      "p":1.0,
      "r":1.0,
      "f":1.0
    }
  },
  "speed":6217.9358069937
}