{
    "lang":"en",
    "name":"pipeline",
    "version":"0.0.0",
    "spacy_version":">=3.5.2,<3.6.0",
    "description":"",
    "author":"",
    "email":"",
    "url":"",
    "license":"",
    "spacy_git_version":"aea4a96f9",
    "vectors":{
      "width":0,
      "vectors":0,
      "keys":0,
      "name":null,
      "mode":"default"
    },
    "labels":{
      "transformer":[
  
      ],
      "textcat_multilabel":[
        "LETTER",
        "LICENSE",
        "EVIDENCE_REPORT",
        "REGISTRATION",
        "EXHIBIT",
        "COURT",
        "SETTLEMENT",
        "FINANCIAL",
        "TOLLING"
      ]
    },
    "pipeline":[
      "transformer",
      "textcat_multilabel"
    ],
    "components":[
      "transformer",
      "textcat_multilabel"
    ],
    "disabled":[
  
    ],
    "performance":{
      "cats_score":0.9832857369,
      "cats_score_desc":"macro AUC",
      "cats_micro_p":0.9330158242,
      "cats_micro_r":0.8846321923,
      "cats_micro_f":0.9081800508,
      "cats_macro_p":0.9027843142,
      "cats_macro_r":0.8579268261,
      "cats_macro_f":0.8762414831,
      "cats_macro_auc":0.9832857369,
      "cats_f_per_type":{
        "LETTER":{
          "p":0.7593360996,
          "r":0.5462686567,
          "f":0.6354166667
        },
        "LICENSE":{
          "p":0.8604651163,
          "r":0.8642335766,
          "f":0.8623452294
        },
        "EVIDENCE_REPORT":{
          "p":0.8808864266,
          "r":0.9695121951,
          "f":0.9230769231
        },
        "REGISTRATION":{
          "p":0.8350515464,
          "r":0.9,
          "f":0.8663101604
        },
        "EXHIBIT":{
          "p":0.9298892989,
          "r":0.7138810198,
          "f":0.8076923077
        },
        "COURT":{
          "p":0.9691358025,
          "r":0.98125,
          "f":0.9751552795
        },
        "SETTLEMENT":{
          "p":0.9555125725,
          "r":0.8853046595,
          "f":0.9190697674
        },
        "FINANCIAL":{
          "p":0.9548969072,
          "r":0.9227895392,
          "f":0.9385687144
        },
        "TOLLING":{
          "p":0.9798850575,
          "r":0.9381017882,
          "f":0.9585382994
        }
      },
      "transformer_loss":0.6675181209,
      "textcat_multilabel_loss":6.4945158761
    }
  }