{
  "lang":"en",
  "name":"pipeline",
  "version":"0.0.0",
  "spacy_version":">=3.4.2,<3.5.0",
  "description":"",
  "author":"",
  "email":"",
  "url":"",
  "license":"",
  "spacy_git_version":"3d0e89536",
  "vectors":{
    "width":0,
    "vectors":0,
    "keys":0,
    "name":null,
    "mode":"default"
  },
  "labels":{
    "transformer":[

    ],
    "ner":[
      "ADVERSARY",
      "CLIENT",
      "EFFECTIVE_DATE",
      "END_DATE",
      "FEE"
    ]
  },
  "pipeline":[
    "transformer",
    "ner"
  ],
  "components":[
    "transformer",
    "ner"
  ],
  "disabled":[

  ],
  "performance":{
    "ents_f":0.9161849711,
    "ents_p":0.9269005848,
    "ents_r":0.9057142857,
    "ents_per_type":{
      "CLIENT":{
        "p":0.988372093,
        "r":0.9770114943,
        "f":0.9826589595
      },
      "ADVERSARY":{
        "p":0.8829787234,
        "r":0.8556701031,
        "f":0.8691099476
      },
      "EFFECTIVE_DATE":{
        "p":0.9102564103,
        "r":0.8554216867,
        "f":0.8819875776
      },
      "FEE":{
        "p":0.9821428571,
        "r":0.9649122807,
        "f":0.9734513274
      },
      "END_DATE":{
        "p":0.8214285714,
        "r":0.8846153846,
        "f":0.8518518519
      }
    },
    "transformer_loss":36275.1282114616,
    "ner_loss":30824.211656182
  }
}